"COUNT(1)","SEMESTER","CAMPUS","AGE_GROUP"
202,Fall 2010,University of Hawai`i - West O`ahu,"35-44 yrs"
255,Fall 2010,Kaua`i Community College,"20-21 yrs"
2209,Fall 2010,Leeward Community College,"18-19 yrs"
28,Fall 2010,University of Hawai`i - West O`ahu,<18 yrs
130,Fall 2010,University of Hawai`i at Hilo,<18 yrs
295,Fall 2010,Maui College,<18 yrs
634,Fall 2011,University of Hawai`i at Hilo,"25-29 yrs"
559,Fall 2011,Hawai`i Community College,"25-29 yrs"
199,Fall 2011,University of Hawai`i - West O`ahu,"30-34 yrs"
890,Fall 2011,University of Hawai`i Maui College,"18-19 yrs"
806,Fall 2011,University of Hawai`i at Hilo,"18-19 yrs"
410,Fall 2011,Honolulu Community College,"30-34 yrs"
231,Fall 2011,Kaua`i Community College,"20-21 yrs"
133,Fall 2011,Kaua`i Community College,<18 yrs
137,Fall 2011,University of Hawai`i at Hilo,<18 yrs
4300,Fall 2012,University of Hawai`i at Manoa,"20-21 yrs"
585,Fall 2012,Hawai`i Community College,"20-21 yrs"
417,Fall 2012,Honolulu Community College,"30-34 yrs"
730,Fall 2012,University of Hawai`i at Manoa,"45-59 yrs"
236,Fall 2012,University of Hawai`i at Hilo,"35-44 yrs"
532,Fall 2013,Leeward Community College,"35-44 yrs"
88,Fall 2013,University of Hawai`i at Manoa,"60+ yrs"
1744,Fall 2013,Kapi`olani Community College,"20-21 yrs"
161,Fall 2013,University of Hawai`i at Hilo,"45-59 yrs"
236,Fall 2013,Hawai`i Community College,<18 yrs
1573,Fall 2013,Kapi`olani Community College,"22-24 yrs"
815,Fall 2021,Leeward Community College,"22-24 yrs"
571,Fall 2021,University of Hawai`i - West O`ahu,"22-24 yrs"
120,Fall 2021,Hawai`i Community College,"45-59 yrs"
694,Fall 2022,University of Hawai`i at Hilo,"20-21 yrs"
1360,Fall 2022,Kapi`olani Community College,"18-19 yrs"
489,Fall 2022,Hawai`i Community College,"18-19 yrs"
374,Fall 2022,Honolulu Community College,<18 yrs
114,Fall 2022,University of Hawai`i Maui College,"45-59 yrs"
3631,Fall 2014,University of Hawai`i at Manoa,"18-19 yrs"
202,Fall 2014,Honolulu Community College,"45-59 yrs"
234,Fall 2014,University of Hawai`i at Hilo,"35-44 yrs"
99,Fall 2014,Kaua`i Community College,"30-34 yrs"
178,Fall 2014,Kaua`i Community College,"25-29 yrs"
230,Fall 2014,Windward Community College,"30-34 yrs"
1,Fall 2014,Kapi`olani Community College,No Data
470,Fall 2015,Kapi`olani Community College,"35-44 yrs"
150,Fall 2015,University of Hawai`i - West O`ahu,<18 yrs
186,Fall 2015,Hawai`i Community College,"45-59 yrs"
34,Fall 2015,Kaua`i Community College,"60+ yrs"
798,Fall 2016,University of Hawai`i at Hilo,"20-21 yrs"
242,Fall 2016,University of Hawai`i Maui College,"45-59 yrs"
677,Fall 2016,Honolulu Community College,"25-29 yrs"
350,Fall 2016,Kaua`i Community College,"18-19 yrs"
657,Fall 2016,Honolulu Community College,"22-24 yrs"
402,Fall 2016,University of Hawai`i Maui College,"22-24 yrs"
281,Fall 2016,University of Hawai`i Maui College,"30-34 yrs"
307,Fall 2017,Honolulu Community College,"35-44 yrs"
3610,Fall 2017,University of Hawai`i at Manoa,"18-19 yrs"
343,Fall 2017,Kapi`olani Community College,<18 yrs
266,Fall 2017,University of Hawai`i - West O`ahu,<18 yrs
47,Fall 2017,Leeward Community College,"60+ yrs"
45,Fall 2017,Kapi`olani Community College,"60+ yrs"
474,Fall 2018,Kapi`olani Community College,"35-44 yrs"
1353,Fall 2018,University of Hawai`i at Manoa,"30-34 yrs"
303,Fall 2018,University of Hawai`i - West O`ahu,"35-44 yrs"
251,Fall 2018,University of Hawai`i Maui College,"30-34 yrs"
377,Fall 2018,Windward Community College,"22-24 yrs"
433,Fall 2018,University of Hawai`i Maui College,"20-21 yrs"
156,Fall 2018,Windward Community College,"35-44 yrs"
524,Fall 2019,Kapi`olani Community College,"30-34 yrs"
967,Fall 2019,Kapi`olani Community College,"25-29 yrs"
3256,Fall 2019,University of Hawai`i at Manoa,"22-24 yrs"
797,Fall 2019,University of Hawai`i at Hilo,"18-19 yrs"
330,Fall 2019,University of Hawai`i - West O`ahu,<18 yrs
121,Fall 2019,University of Hawai`i at Hilo,"45-59 yrs"
259,Fall 2020,University of Hawai`i Maui College,"35-44 yrs"
869,Fall 2020,Leeward Community College,"22-24 yrs"
251,Fall 2020,Hawai`i Community College,"25-29 yrs"
787,Fall 2020,University of Hawai`i at Hilo,"18-19 yrs"
184,Fall 2020,University of Hawai`i at Hilo,"30-34 yrs"
25,Fall 2020,Kaua`i Community College,"60+ yrs"
18,Fall 2020,Leeward Community College,No Data
38,Fall 2024,Kapi`olani Community College,"60+ yrs"
25,Fall 2024,Kaua`i Community College,"60+ yrs"
492,Fall 2024,University of Hawai`i - West O`ahu,"22-24 yrs"
1213,Fall 2024,Leeward Community College,<18 yrs
765,Fall 2024,University of Hawai`i Maui College,<18 yrs
285,Fall 2024,University of Hawai`i - West O`ahu,<18 yrs
38,Fall 2023,Hawai`i Community College,"60+ yrs"
3089,Fall 2023,University of Hawai`i at Manoa,"22-24 yrs"
377,Fall 2023,Honolulu Community College,<18 yrs
431,Fall 2023,Kaua`i Community College,<18 yrs
3,Fall 2021,University of Hawai`i Maui College,No Data
376,Fall 2010,Windward Community College,"22-24 yrs"
310,Fall 2010,Kapi`olani Community College,<18 yrs
957,Fall 2011,Leeward Community College,"25-29 yrs"
353,Fall 2011,Honolulu Community College,"35-44 yrs"
880,Fall 2011,Honolulu Community College,"20-21 yrs"
197,Fall 2011,University of Hawai`i - West O`ahu,"20-21 yrs"
456,Fall 2011,University of Hawai`i at Manoa,<18 yrs
610,Fall 2011,Hawai`i Community College,"20-21 yrs"
37,Fall 2011,Kapi`olani Community College,"60+ yrs"
3781,Fall 2012,University of Hawai`i at Manoa,"18-19 yrs"
508,Fall 2012,Windward Community College,"20-21 yrs"
624,Fall 2012,University of Hawai`i Maui College,"20-21 yrs"
385,Fall 2012,University of Hawai`i - West O`ahu,"22-24 yrs"
136,Fall 2012,University of Hawai`i at Hilo,<18 yrs
284,Fall 2012,University of Hawai`i Maui College,<18 yrs
414,Fall 2012,Leeward Community College,<18 yrs
644,Fall 2013,Kapi`olani Community College,"30-34 yrs"
618,Fall 2013,Windward Community College,"18-19 yrs"
289,Fall 2013,Hawai`i Community College,"30-34 yrs"
548,Fall 2021,Hawai`i Community College,"18-19 yrs"
141,Fall 2021,University of Hawai`i Maui College,"45-59 yrs"
200,Fall 2021,University of Hawai`i at Hilo,"30-34 yrs"
498,Fall 2021,Kapi`olani Community College,"35-44 yrs"
403,Fall 2021,University of Hawai`i at Hilo,"25-29 yrs"
211,Fall 2021,Windward Community College,"35-44 yrs"
268,Fall 2021,University of Hawai`i - West O`ahu,"30-34 yrs"
180,Fall 2021,University of Hawai`i - West O`ahu,"45-59 yrs"
393,Fall 2022,University of Hawai`i - West O`ahu,"25-29 yrs"
192,Fall 2022,Kapi`olani Community College,"45-59 yrs"
1486,Fall 2022,Leeward Community College,"18-19 yrs"
36,Fall 2013,University of Hawai`i at Hilo,"60+ yrs"
317,Fall 2014,Hawai`i Community College,<18 yrs
118,Fall 2014,University of Hawai`i at Hilo,<18 yrs
717,Fall 2014,University of Hawai`i at Manoa,"45-59 yrs"
865,Fall 2014,Honolulu Community College,"18-19 yrs"
351,Fall 2014,Windward Community College,"25-29 yrs"
474,Fall 2014,University of Hawai`i Maui College,"22-24 yrs"
215,Fall 2014,Kaua`i Community College,"20-21 yrs"
92,Fall 2014,University of Hawai`i at Manoa,"60+ yrs"
858,Fall 2015,Leeward Community College,"25-29 yrs"
437,Fall 2015,University of Hawai`i - West O`ahu,"25-29 yrs"
106,Fall 2016,University of Hawai`i at Manoa,"60+ yrs"
681,Fall 2016,Leeward Community College,<18 yrs
416,Fall 2016,Windward Community College,"22-24 yrs"
321,Fall 2016,Leeward Community College,"45-59 yrs"
282,Fall 2016,University of Hawai`i - West O`ahu,"30-34 yrs"
192,Fall 2016,Kaua`i Community College,"20-21 yrs"
294,Fall 2016,Kaua`i Community College,<18 yrs
81,Fall 2016,University of Hawai`i Maui College,"60+ yrs"
147,Fall 2016,Kaua`i Community College,"22-24 yrs"
176,Fall 2016,Windward Community College,"30-34 yrs"
1205,Fall 2017,University of Hawai`i at Manoa,"35-44 yrs"
592,Fall 2017,Honolulu Community College,"22-24 yrs"
3880,Fall 2017,University of Hawai`i at Manoa,"20-21 yrs"
262,Fall 2017,Kapi`olani Community College,"45-59 yrs"
470,Fall 2017,University of Hawai`i - West O`ahu,"20-21 yrs"
459,Fall 2017,Leeward Community College,"35-44 yrs"
1588,Fall 2017,Leeward Community College,"18-19 yrs"
709,Fall 2017,University of Hawai`i at Hilo,"18-19 yrs"
1534,Fall 2018,Leeward Community College,"18-19 yrs"
432,Fall 2018,University of Hawai`i - West O`ahu,"18-19 yrs"
476,Fall 2018,Kapi`olani Community College,<18 yrs
22,Fall 2022,Honolulu Community College,"60+ yrs"
364,Fall 2019,Honolulu Community College,"30-34 yrs"
79,Fall 2019,Kaua`i Community College,"30-34 yrs"
241,Fall 2019,Kapi`olani Community College,"45-59 yrs"
28,Fall 2019,University of Hawai`i - West O`ahu,"60+ yrs"
27,Fall 2019,University of Hawai`i at Hilo,"60+ yrs"
337,Fall 2020,Windward Community College,"20-21 yrs"
220,Fall 2020,University of Hawai`i Maui College,"30-34 yrs"
56,Fall 2020,University of Hawai`i Maui College,"60+ yrs"
1,Fall 2021,Kapi`olani Community College,No Data
154,Fall 2024,University of Hawai`i at Hilo,"30-34 yrs"
1156,Fall 2024,Leeward Community College,"20-21 yrs"
375,Fall 2024,Windward Community College,"20-21 yrs"
589,Fall 2024,Honolulu Community College,"20-21 yrs"
160,Fall 2024,University of Hawai`i at Hilo,"35-44 yrs"
239,Fall 2023,Windward Community College,"35-44 yrs"
38,Fall 2023,Kapi`olani Community College,"60+ yrs"
2283,Fall 2023,University of Hawai`i at Manoa,"25-29 yrs"
223,Fall 2023,Windward Community College,"22-24 yrs"
756,Fall 2023,Honolulu Community College,"18-19 yrs"
401,Fall 2023,University of Hawai`i - West O`ahu,"18-19 yrs"
663,Fall 2023,University of Hawai`i Maui College,<18 yrs
1,Fall 2017,Kapi`olani Community College,No Data
9,Fall 2018,University of Hawai`i - West O`ahu,No Data
561,Fall 2010,Leeward Community College,"35-44 yrs"
201,Fall 2010,Windward Community College,"35-44 yrs"
193,Fall 2010,University of Hawai`i - West O`ahu,"30-34 yrs"
176,Fall 2010,Windward Community College,"30-34 yrs"
45,Fall 2010,Hawai`i Community College,"60+ yrs"
131,Fall 2010,University of Hawai`i - West O`ahu,"20-21 yrs"
904,Fall 2011,University of Hawai`i at Hilo,"22-24 yrs"
158,Fall 2011,Kaua`i Community College,"25-29 yrs"
212,Fall 2011,Windward Community College,"35-44 yrs"
548,Fall 2011,Hawai`i Community College,"22-24 yrs"
1651,Fall 2012,Leeward Community College,"20-21 yrs"
1675,Fall 2012,Kapi`olani Community College,"22-24 yrs"
499,Fall 2012,Leeward Community College,"35-44 yrs"
383,Fall 2012,Windward Community College,"25-29 yrs"
1628,Fall 2013,University of Hawai`i at Manoa,"30-34 yrs"
695,Fall 2013,University of Hawai`i at Manoa,"45-59 yrs"
394,Fall 2013,University of Hawai`i Maui College,"30-34 yrs"
584,Fall 2013,Leeward Community College,"30-34 yrs"
133,Fall 2013,University of Hawai`i at Hilo,<18 yrs
895,Fall 2013,University of Hawai`i at Hilo,"22-24 yrs"
24,Fall 2021,Honolulu Community College,"60+ yrs"
735,Fall 2021,Honolulu Community College,"18-19 yrs"
297,Fall 2022,Hawai`i Community College,"20-21 yrs"
4239,Fall 2022,University of Hawai`i at Manoa,"20-21 yrs"
722,Fall 2022,University of Hawai`i at Hilo,"18-19 yrs"
1242,Fall 2022,University of Hawai`i at Manoa,"35-44 yrs"
224,Fall 2022,Windward Community College,"35-44 yrs"
391,Fall 2014,University of Hawai`i at Manoa,<18 yrs
556,Fall 2014,University of Hawai`i Maui College,"20-21 yrs"
110,Fall 2014,University of Hawai`i Maui College,"60+ yrs"
305,Fall 2014,Hawai`i Community College,"35-44 yrs"
33,Fall 2014,University of Hawai`i at Hilo,"60+ yrs"
30,Fall 2013,Honolulu Community College,"60+ yrs"
1,Fall 2011,University of Hawai`i at Manoa,No Data
414,Fall 2015,Windward Community College,"22-24 yrs"
426,Fall 2015,Honolulu Community College,"30-34 yrs"
3048,Fall 2015,University of Hawai`i at Manoa,"25-29 yrs"
66,Fall 2015,Hawai`i Community College,"60+ yrs"
1145,Fall 2015,Leeward Community College,"22-24 yrs"
4253,Fall 2015,University of Hawai`i at Manoa,"20-21 yrs"
730,Fall 2015,Honolulu Community College,"20-21 yrs"
309,Fall 2015,Honolulu Community College,<18 yrs
412,Fall 2015,University of Hawai`i - West O`ahu,"18-19 yrs"
264,Fall 2016,University of Hawai`i at Hilo,"30-34 yrs"
742,Fall 2016,University of Hawai`i Maui College,"18-19 yrs"
1256,Fall 2016,University of Hawai`i at Manoa,"35-44 yrs"
431,Fall 2016,Hawai`i Community College,<18 yrs
456,Fall 2016,Windward Community College,"20-21 yrs"
279,Fall 2016,Honolulu Community College,<18 yrs
2,Fall 2016,University of Hawai`i at Manoa,No Data
374,Fall 2017,University of Hawai`i Maui College,"22-24 yrs"
408,Fall 2017,Hawai`i Community College,"20-21 yrs"
293,Fall 2017,University of Hawai`i Maui College,"35-44 yrs"
243,Fall 2018,University of Hawai`i - West O`ahu,"30-34 yrs"
471,Fall 2018,University of Hawai`i - West O`ahu,"25-29 yrs"
1252,Fall 2018,Kapi`olani Community College,"22-24 yrs"
134,Fall 2018,Kaua`i Community College,"22-24 yrs"
478,Fall 2018,Kaua`i Community College,<18 yrs
102,Fall 2018,University of Hawai`i at Manoa,"60+ yrs"
38,Fall 2018,Hawai`i Community College,"60+ yrs"
72,Fall 2022,Windward Community College,"60+ yrs"
1298,Fall 2019,University of Hawai`i at Manoa,"30-34 yrs"
527,Fall 2019,University of Hawai`i Maui College,<18 yrs
130,Fall 2020,Hawai`i Community College,"45-59 yrs"
534,Fall 2020,Honolulu Community College,"25-29 yrs"
1275,Fall 2020,University of Hawai`i at Manoa,"30-34 yrs"
275,Fall 2020,Windward Community College,"25-29 yrs"
27,Fall 2020,University of Hawai`i at Hilo,"60+ yrs"
94,Fall 2020,Kaua`i Community College,"35-44 yrs"
3,Fall 2021,University of Hawai`i - West O`ahu,No Data
26,Fall 2024,Hawai`i Community College,"60+ yrs"
123,Fall 2024,Honolulu Community College,"45-59 yrs"
299,Fall 2024,Hawai`i Community College,"20-21 yrs"
565,Fall 2024,Hawai`i Community College,"18-19 yrs"
191,Fall 2023,Windward Community College,"30-34 yrs"
12,Fall 2019,University of Hawai`i at Hilo,No Data
2,Fall 2023,Windward Community College,No Data
3,Fall 2022,Kaua`i Community College,No Data
1,Fall 2021,University of Hawai`i at Hilo,No Data
3,Fall 2024,Windward Community College,No Data
1,Fall 2024,Kapi`olani Community College,No Data
360,Fall 2010,Windward Community College,"25-29 yrs"
321,Fall 2010,Hawai`i Community College,"30-34 yrs"
214,Fall 2010,University of Hawai`i at Hilo,"35-44 yrs"
312,Fall 2010,Leeward Community College,"45-59 yrs"
228,Fall 2010,Honolulu Community College,"45-59 yrs"
106,Fall 2010,Kaua`i Community College,"45-59 yrs"
3557,Fall 2011,University of Hawai`i at Manoa,"25-29 yrs"
1406,Fall 2011,University of Hawai`i at Manoa,"35-44 yrs"
247,Fall 2011,Honolulu Community College,"45-59 yrs"
159,Fall 2011,University of Hawai`i at Hilo,"45-59 yrs"
102,Fall 2011,Kaua`i Community College,"35-44 yrs"
605,Fall 2012,Kapi`olani Community College,"35-44 yrs"
348,Fall 2012,University of Hawai`i - West O`ahu,"25-29 yrs"
166,Fall 2012,Kaua`i Community College,"25-29 yrs"
132,Fall 2012,Kaua`i Community College,"35-44 yrs"
21,Fall 2012,University of Hawai`i - West O`ahu,"60+ yrs"
3793,Fall 2013,University of Hawai`i at Manoa,"18-19 yrs"
267,Fall 2013,University of Hawai`i at Hilo,"35-44 yrs"
1249,Fall 2013,Leeward Community College,"22-24 yrs"
475,Fall 2013,Windward Community College,"22-24 yrs"
706,Fall 2013,Honolulu Community College,"25-29 yrs"
398,Fall 2013,University of Hawai`i - West O`ahu,"25-29 yrs"
1617,Fall 2013,Leeward Community College,"20-21 yrs"
502,Fall 2013,Windward Community College,"20-21 yrs"
119,Fall 2013,Windward Community College,<18 yrs
302,Fall 2021,Honolulu Community College,<18 yrs
393,Fall 2021,Hawai`i Community College,<18 yrs
519,Fall 2021,Windward Community College,"18-19 yrs"
1241,Fall 2010,Leeward Community College,"22-24 yrs"
633,Fall 2010,University of Hawai`i at Hilo,"25-29 yrs"
18,Fall 2010,University of Hawai`i - West O`ahu,"60+ yrs"
159,Fall 2010,University of Hawai`i - West O`ahu,"45-59 yrs"
169,Fall 2010,Windward Community College,"45-59 yrs"
1998,Fall 2010,Kapi`olani Community College,"18-19 yrs"
570,Fall 2011,University of Hawai`i Maui College,"22-24 yrs"
2120,Fall 2011,Leeward Community College,"18-19 yrs"
352,Fall 2012,Hawai`i Community College,"35-44 yrs"
120,Fall 2012,Windward Community College,<18 yrs
45,Fall 2012,Kapi`olani Community College,"60+ yrs"
314,Fall 2013,Kapi`olani Community College,<18 yrs
372,Fall 2013,Leeward Community College,"45-59 yrs"
435,Fall 2013,University of Hawai`i Maui College,"35-44 yrs"
214,Fall 2013,University of Hawai`i - West O`ahu,"30-34 yrs"
221,Fall 2013,Kaua`i Community College,"20-21 yrs"
218,Fall 2021,Windward Community College,"22-24 yrs"
793,Fall 2022,Kapi`olani Community College,"25-29 yrs"
486,Fall 2022,University of Hawai`i - West O`ahu,"20-21 yrs"
325,Fall 2022,Kaua`i Community College,"18-19 yrs"
376,Fall 2022,University of Hawai`i - West O`ahu,<18 yrs
1333,Fall 2014,University of Hawai`i at Manoa,"35-44 yrs"
444,Fall 2014,Windward Community College,"22-24 yrs"
189,Fall 2014,Honolulu Community College,<18 yrs
659,Fall 2014,Honolulu Community College,"25-29 yrs"
352,Fall 2014,Leeward Community College,"45-59 yrs"
1320,Fall 2015,University of Hawai`i at Manoa,"35-44 yrs"
167,Fall 2015,Kaua`i Community College,"22-24 yrs"
277,Fall 2015,University of Hawai`i - West O`ahu,"35-44 yrs"
408,Fall 2016,University of Hawai`i at Manoa,<18 yrs
687,Fall 2016,Hawai`i Community College,"18-19 yrs"
195,Fall 2016,Honolulu Community College,"45-59 yrs"
283,Fall 2016,University of Hawai`i Maui College,"35-44 yrs"
32,Fall 2016,University of Hawai`i - West O`ahu,"60+ yrs"
58,Fall 2016,Kaua`i Community College,"45-59 yrs"
209,Fall 2017,Hawai`i Community College,"30-34 yrs"
37,Fall 2017,University of Hawai`i at Hilo,"60+ yrs"
379,Fall 2017,Windward Community College,"22-24 yrs"
372,Fall 2017,University of Hawai`i Maui College,"25-29 yrs"
1519,Fall 2017,Kapi`olani Community College,"20-21 yrs"
520,Fall 2017,Windward Community College,"18-19 yrs"
195,Fall 2017,University of Hawai`i - West O`ahu,"45-59 yrs"
593,Fall 2018,University of Hawai`i at Manoa,"45-59 yrs"
471,Fall 2018,Kapi`olani Community College,"30-34 yrs"
232,Fall 2018,University of Hawai`i at Hilo,"35-44 yrs"
50,Fall 2018,Kaua`i Community College,"45-59 yrs"
510,Fall 2018,Honolulu Community College,"22-24 yrs"
608,Fall 2018,University of Hawai`i - West O`ahu,"22-24 yrs"
121,Fall 2018,University of Hawai`i at Hilo,"45-59 yrs"
492,Fall 2018,University of Hawai`i Maui College,<18 yrs
48,Fall 2021,Kapi`olani Community College,"60+ yrs"
264,Fall 2019,University of Hawai`i - West O`ahu,"35-44 yrs"
115,Fall 2019,Kaua`i Community College,"25-29 yrs"
705,Fall 2019,University of Hawai`i at Hilo,"20-21 yrs"
122,Fall 2019,Hawai`i Community College,"45-59 yrs"
735,Fall 2019,University of Hawai`i Maui College,"18-19 yrs"
1065,Fall 2020,Kapi`olani Community College,"22-24 yrs"
3290,Fall 2020,University of Hawai`i at Manoa,"22-24 yrs"
102,Fall 2020,Windward Community College,"45-59 yrs"
1413,Fall 2020,Kapi`olani Community College,"18-19 yrs"
637,Fall 2020,Leeward Community College,<18 yrs
254,Fall 2024,Kapi`olani Community College,"45-59 yrs"
258,Fall 2024,Honolulu Community College,"35-44 yrs"
1271,Fall 2024,Kapi`olani Community College,"20-21 yrs"
174,Fall 2023,Windward Community College,"45-59 yrs"
55,Fall 2023,University of Hawai`i Maui College,"60+ yrs"
81,Fall 2023,Windward Community College,"60+ yrs"
146,Fall 2023,University of Hawai`i at Hilo,"30-34 yrs"
185,Fall 2023,Hawai`i Community College,"25-29 yrs"
730,Fall 2023,Kapi`olani Community College,"25-29 yrs"
673,Fall 2023,Windward Community College,<18 yrs
336,Fall 2023,University of Hawai`i - West O`ahu,<18 yrs
2,Fall 2015,Hawai`i Community College,No Data
1,Fall 2021,Honolulu Community College,No Data
1532,Fall 2010,Kapi`olani Community College,"25-29 yrs"
273,Fall 2010,University of Hawai`i - West O`ahu,"25-29 yrs"
500,Fall 2010,Maui College,"35-44 yrs"
557,Fall 2011,Leeward Community College,"35-44 yrs"
193,Fall 2011,Kaua`i Community College,"22-24 yrs"
157,Fall 2011,University of Hawai`i - West O`ahu,"45-59 yrs"
550,Fall 2011,University of Hawai`i Maui College,"35-44 yrs"
28,Fall 2011,Honolulu Community College,"60+ yrs"
473,Fall 2012,Hawai`i Community College,"22-24 yrs"
305,Fall 2012,Kapi`olani Community College,"45-59 yrs"
156,Fall 2012,Windward Community College,"45-59 yrs"
62,Fall 2012,Hawai`i Community College,"60+ yrs"
336,Fall 2013,Hawai`i Community College,"35-44 yrs"
239,Fall 2013,Honolulu Community College,"45-59 yrs"
169,Fall 2013,University of Hawai`i - West O`ahu,"45-59 yrs"
555,Fall 2013,Kapi`olani Community College,"35-44 yrs"
155,Fall 2013,Kaua`i Community College,<18 yrs
413,Fall 2013,Honolulu Community College,"30-34 yrs"
323,Fall 2021,Leeward Community College,"45-59 yrs"
2582,Fall 2021,University of Hawai`i at Manoa,"25-29 yrs"
1279,Fall 2021,University of Hawai`i at Manoa,"30-34 yrs"
526,Fall 2021,University of Hawai`i Maui College,<18 yrs
109,Fall 2021,Kaua`i Community College,"25-29 yrs"
212,Fall 2021,Hawai`i Community College,"35-44 yrs"
31,Fall 2021,University of Hawai`i at Hilo,"60+ yrs"
570,Fall 2022,University of Hawai`i - West O`ahu,"22-24 yrs"
240,Fall 2022,Windward Community College,"22-24 yrs"
5341,Fall 2022,University of Hawai`i at Manoa,"18-19 yrs"
38,Fall 2022,Kapi`olani Community College,"60+ yrs"
121,Fall 2022,Kaua`i Community College,"22-24 yrs"
242,Fall 2022,Honolulu Community College,"35-44 yrs"
24,Fall 2022,University of Hawai`i at Hilo,"60+ yrs"
145,Fall 2013,Kaua`i Community College,"35-44 yrs"
299,Fall 2014,Kapi`olani Community College,<18 yrs
763,Fall 2014,Honolulu Community College,"20-21 yrs"
58,Fall 2014,Hawai`i Community College,"60+ yrs"
139,Fall 2014,Kaua`i Community College,"35-44 yrs"
261,Fall 2015,Hawai`i Community College,"30-34 yrs"
425,Fall 2015,University of Hawai`i - West O`ahu,"20-21 yrs"
445,Fall 2015,Hawai`i Community College,"20-21 yrs"
100,Fall 2015,University of Hawai`i at Manoa,"60+ yrs"
453,Fall 2016,University of Hawai`i - West O`ahu,"20-21 yrs"
450,Fall 2016,University of Hawai`i - West O`ahu,"25-29 yrs"
464,Fall 2016,University of Hawai`i Maui College,<18 yrs
265,Fall 2016,Kapi`olani Community College,"45-59 yrs"
463,Fall 2016,Kapi`olani Community College,"35-44 yrs"
160,Fall 2017,Windward Community College,"30-34 yrs"
863,Fall 2017,Leeward Community College,"25-29 yrs"
598,Fall 2017,University of Hawai`i - West O`ahu,"22-24 yrs"
443,Fall 2017,Windward Community College,"20-21 yrs"
755,Fall 2017,University of Hawai`i at Hilo,"20-21 yrs"
738,Fall 2017,University of Hawai`i Maui College,"18-19 yrs"
270,Fall 2017,Kaua`i Community College,<18 yrs
484,Fall 2018,University of Hawai`i at Hilo,"25-29 yrs"
1356,Fall 2018,Kapi`olani Community College,"20-21 yrs"
339,Fall 2018,Kaua`i Community College,"18-19 yrs"
29,Fall 2018,University of Hawai`i at Hilo,"60+ yrs"
85,Fall 2021,Kaua`i Community College,"35-44 yrs"
6,Fall 2015,Leeward Community College,No Data
505,Fall 2019,Leeward Community College,"35-44 yrs"
443,Fall 2019,University of Hawai`i - West O`ahu,"18-19 yrs"
317,Fall 2019,Kaua`i Community College,"18-19 yrs"
39,Fall 2019,Kapi`olani Community College,"60+ yrs"
1264,Fall 2020,University of Hawai`i at Manoa,"35-44 yrs"
527,Fall 2020,University of Hawai`i - West O`ahu,"20-21 yrs"
391,Fall 2020,Windward Community College,<18 yrs
173,Fall 2020,University of Hawai`i at Hilo,<18 yrs
3,Fall 2020,Windward Community College,No Data
115,Fall 2024,University of Hawai`i at Manoa,"60+ yrs"
54,Fall 2024,University of Hawai`i Maui College,"60+ yrs"
202,Fall 2024,Hawai`i Community College,"35-44 yrs"
5574,Fall 2024,University of Hawai`i at Manoa,"18-19 yrs"
358,Fall 2024,University of Hawai`i Maui College,"20-21 yrs"
627,Fall 2024,Windward Community College,"18-19 yrs"
1358,Fall 2024,Kapi`olani Community College,"18-19 yrs"
91,Fall 2024,University of Hawai`i at Hilo,"45-59 yrs"
134,Fall 2024,University of Hawai`i at Hilo,<18 yrs
5,Fall 2024,Leeward Community College,No Data
269,Fall 2023,Kapi`olani Community College,"45-59 yrs"
52,Fall 2023,Leeward Community College,"60+ yrs"
50,Fall 2023,Kaua`i Community College,"30-34 yrs"
279,Fall 2023,Honolulu Community College,"30-34 yrs"
453,Fall 2023,Honolulu Community College,"25-29 yrs"
725,Fall 2023,University of Hawai`i at Hilo,"20-21 yrs"
588,Fall 2023,Windward Community College,"18-19 yrs"
670,Fall 2023,University of Hawai`i at Hilo,"18-19 yrs"
1,Fall 2018,Kapi`olani Community College,No Data
3,Fall 2020,Hawai`i Community College,No Data
4,Fall 2020,University of Hawai`i - West O`ahu,No Data
90,Fall 2010,Kaua`i Community College,"30-34 yrs"
164,Fall 2010,University of Hawai`i at Hilo,"45-59 yrs"
30,Fall 2010,Kaua`i Community College,"60+ yrs"
640,Fall 2010,Windward Community College,"18-19 yrs"
4504,Fall 2011,University of Hawai`i at Manoa,"22-24 yrs"
352,Fall 2011,Hawai`i Community College,"30-34 yrs"
103,Fall 2011,University of Hawai`i at Manoa,"60+ yrs"
881,Fall 2012,Honolulu Community College,"20-21 yrs"
2172,Fall 2012,Leeward Community College,"18-19 yrs"
809,Fall 2012,University of Hawai`i at Hilo,"18-19 yrs"
369,Fall 2012,Honolulu Community College,"35-44 yrs"
88,Fall 2012,Kaua`i Community College,"30-34 yrs"
412,Fall 2013,University of Hawai`i Maui College,"45-59 yrs"
218,Fall 2013,University of Hawai`i - West O`ahu,"35-44 yrs"
541,Fall 2013,University of Hawai`i Maui College,"22-24 yrs"
418,Fall 2013,University of Hawai`i at Manoa,<18 yrs
569,Fall 2013,University of Hawai`i Maui College,"20-21 yrs"
514,Fall 2021,Honolulu Community College,"20-21 yrs"
994,Fall 2021,Kapi`olani Community College,"22-24 yrs"
640,Fall 2021,University of Hawai`i at Manoa,"45-59 yrs"
208,Fall 2021,University of Hawai`i at Hilo,"35-44 yrs"
267,Fall 2021,Kapi`olani Community College,"45-59 yrs"
52,Fall 2021,University of Hawai`i Maui College,"60+ yrs"
1058,Fall 2022,Leeward Community College,"20-21 yrs"
1123,Fall 2022,Kapi`olani Community College,"20-21 yrs"
493,Fall 2022,Honolulu Community College,"20-21 yrs"
173,Fall 2022,University of Hawai`i at Hilo,"30-34 yrs"
230,Fall 2022,University of Hawai`i Maui College,"22-24 yrs"
498,Fall 2014,Kapi`olani Community College,"35-44 yrs"
1727,Fall 2014,Kapi`olani Community College,"20-21 yrs"
515,Fall 2014,Leeward Community College,"35-44 yrs"
35,Fall 2014,Honolulu Community College,"60+ yrs"
445,Fall 2015,University of Hawai`i Maui College,"25-29 yrs"
305,Fall 2015,University of Hawai`i Maui College,"35-44 yrs"
350,Fall 2015,Hawai`i Community College,"25-29 yrs"
567,Fall 2015,Windward Community College,"18-19 yrs"
1695,Fall 2015,Kapi`olani Community College,"20-21 yrs"
674,Fall 2015,Hawai`i Community College,"18-19 yrs"
587,Fall 2015,Leeward Community College,<18 yrs
39,Fall 2015,Kapi`olani Community College,"60+ yrs"
76,Fall 2015,Kaua`i Community College,"45-59 yrs"
1422,Fall 2016,University of Hawai`i at Manoa,"30-34 yrs"
506,Fall 2016,Leeward Community College,"30-34 yrs"
1141,Fall 2016,Kapi`olani Community College,"25-29 yrs"
515,Fall 2016,University of Hawai`i Maui College,"20-21 yrs"
153,Fall 2016,Windward Community College,"45-59 yrs"
146,Fall 2016,Kaua`i Community College,"25-29 yrs"
1,Fall 2016,Hawai`i Community College,No Data
237,Fall 2017,Hawai`i Community College,"35-44 yrs"
327,Fall 2017,Honolulu Community College,"30-34 yrs"
72,Fall 2017,Kaua`i Community College,"30-34 yrs"
152,Fall 2017,University of Hawai`i at Hilo,"45-59 yrs"
167,Fall 2017,Honolulu Community College,"45-59 yrs"
125,Fall 2017,Kaua`i Community College,"22-24 yrs"
486,Fall 2017,University of Hawai`i - West O`ahu,"18-19 yrs"
2671,Fall 2018,University of Hawai`i at Manoa,"25-29 yrs"
815,Fall 2018,Leeward Community College,"25-29 yrs"
340,Fall 2018,University of Hawai`i Maui College,"25-29 yrs"
593,Fall 2018,Honolulu Community College,"25-29 yrs"
336,Fall 2018,Honolulu Community College,"35-44 yrs"
705,Fall 2018,University of Hawai`i at Hilo,"18-19 yrs"
17,Fall 2022,University of Hawai`i - West O`ahu,"60+ yrs"
63,Fall 2022,Kaua`i Community College,"30-34 yrs"
335,Fall 2019,Leeward Community College,"45-59 yrs"
469,Fall 2019,Leeward Community College,"30-34 yrs"
312,Fall 2019,University of Hawai`i Maui College,"25-29 yrs"
493,Fall 2019,Hawai`i Community College,<18 yrs
328,Fall 2019,Kapi`olani Community College,<18 yrs
209,Fall 2020,University of Hawai`i - West O`ahu,"45-59 yrs"
66,Fall 2020,Kaua`i Community College,"45-59 yrs"
497,Fall 2020,Leeward Community College,"30-34 yrs"
494,Fall 2020,University of Hawai`i - West O`ahu,"25-29 yrs"
222,Fall 2020,Hawai`i Community College,"22-24 yrs"
403,Fall 2020,University of Hawai`i Maui College,"20-21 yrs"
581,Fall 2020,Hawai`i Community College,"18-19 yrs"
45,Fall 2020,Kapi`olani Community College,"60+ yrs"
1521,Fall 2020,Leeward Community College,"18-19 yrs"
227,Fall 2020,Hawai`i Community College,"30-34 yrs"
451,Fall 2024,Leeward Community College,"35-44 yrs"
282,Fall 2024,University of Hawai`i - West O`ahu,"35-44 yrs"
68,Fall 2024,Kaua`i Community College,"35-44 yrs"
155,Fall 2024,University of Hawai`i Maui College,"30-34 yrs"
58,Fall 2024,Kaua`i Community College,"30-34 yrs"
165,Fall 2024,Hawai`i Community College,"30-34 yrs"
273,Fall 2024,Windward Community College,"22-24 yrs"
476,Fall 2024,Honolulu Community College,"22-24 yrs"
170,Fall 2024,Kaua`i Community College,"20-21 yrs"
459,Fall 2024,Kaua`i Community College,<18 yrs
455,Fall 2023,Leeward Community College,"35-44 yrs"
178,Fall 2023,University of Hawai`i - West O`ahu,"45-59 yrs"
1,Fall 2016,Honolulu Community College,No Data
2,Fall 2016,University of Hawai`i - West O`ahu,No Data
1,Fall 2016,Kapi`olani Community College,No Data
226,Fall 2023,Hawai`i Community College,"35-44 yrs"
446,Fall 2023,Leeward Community College,"30-34 yrs"
173,Fall 2023,University of Hawai`i Maui College,"30-34 yrs"
229,Fall 2023,University of Hawai`i Maui College,"25-29 yrs"
215,Fall 2023,Hawai`i Community College,"22-24 yrs"
105,Fall 2023,Kaua`i Community College,"22-24 yrs"
1136,Fall 2023,Kapi`olani Community College,"20-21 yrs"
315,Fall 2023,Kaua`i Community College,"18-19 yrs"
168,Fall 2023,University of Hawai`i at Hilo,<18 yrs
9,Fall 2019,Windward Community College,No Data
716,Fall 2010,Kapi`olani Community College,"30-34 yrs"
1662,Fall 2010,University of Hawai`i at Manoa,"30-34 yrs"
1779,Fall 2010,Kapi`olani Community College,"22-24 yrs"
939,Fall 2010,University of Hawai`i at Hilo,"22-24 yrs"
496,Fall 2010,Hawai`i Community College,"22-24 yrs"
1935,Fall 2010,Kapi`olani Community College,"20-21 yrs"
115,Fall 2011,Kaua`i Community College,"30-34 yrs"
326,Fall 2011,University of Hawai`i - West O`ahu,"22-24 yrs"
43,Fall 2011,Kaua`i Community College,"60+ yrs"
410,Fall 2011,University of Hawai`i Maui College,"45-59 yrs"
3698,Fall 2011,University of Hawai`i at Manoa,"18-19 yrs"
1030,Fall 2011,Honolulu Community College,"18-19 yrs"
620,Fall 2012,Windward Community College,"18-19 yrs"
861,Fall 2012,Hawai`i Community College,"18-19 yrs"
354,Fall 2012,Leeward Community College,"45-59 yrs"
490,Fall 2012,Hawai`i Community College,"25-29 yrs"
79,Fall 2012,University of Hawai`i Maui College,"60+ yrs"
111,Fall 2012,Kaua`i Community College,"45-59 yrs"
325,Fall 2021,University of Hawai`i - West O`ahu,<18 yrs
322,Fall 2021,Hawai`i Community College,"20-21 yrs"
639,Fall 2022,Leeward Community College,"25-29 yrs"
104,Fall 2022,University of Hawai`i at Hilo,"45-59 yrs"
74,Fall 2022,Kaua`i Community College,"35-44 yrs"
452,Fall 2013,Hawai`i Community College,"25-29 yrs"
1984,Fall 2014,Leeward Community College,"18-19 yrs"
577,Fall 2014,Kapi`olani Community College,"30-34 yrs"
448,Fall 2014,University of Hawai`i - West O`ahu,"18-19 yrs"
844,Fall 2014,University of Hawai`i at Hilo,"22-24 yrs"
370,Fall 2014,University of Hawai`i Maui College,"30-34 yrs"
788,Fall 2015,University of Hawai`i at Hilo,"22-24 yrs"
250,Fall 2015,University of Hawai`i - West O`ahu,"30-34 yrs"
58,Fall 2015,Leeward Community College,"60+ yrs"
862,Fall 2015,University of Hawai`i at Hilo,"20-21 yrs"
1792,Fall 2015,Kapi`olani Community College,"18-19 yrs"
1964,Fall 2015,Leeward Community College,"18-19 yrs"
524,Fall 2015,University of Hawai`i Maui College,"20-21 yrs"
356,Fall 2015,Hawai`i Community College,"22-24 yrs"
195,Fall 2015,Kaua`i Community College,<18 yrs
763,Fall 2016,University of Hawai`i at Hilo,"22-24 yrs"
54,Fall 2016,Leeward Community College,"60+ yrs"
244,Fall 2017,University of Hawai`i at Hilo,"30-34 yrs"
270,Fall 2017,University of Hawai`i Maui College,"30-34 yrs"
556,Fall 2017,Honolulu Community College,"25-29 yrs"
490,Fall 2017,University of Hawai`i Maui College,"20-21 yrs"
352,Fall 2017,Kaua`i Community College,"18-19 yrs"
432,Fall 2017,University of Hawai`i at Manoa,<18 yrs
136,Fall 2018,Hawai`i Community College,"45-59 yrs"
352,Fall 2018,Hawai`i Community College,"20-21 yrs"
1558,Fall 2018,Kapi`olani Community College,"18-19 yrs"
325,Fall 2019,Honolulu Community College,"35-44 yrs"
65,Fall 2019,Kaua`i Community College,"45-59 yrs"
54,Fall 2019,Leeward Community College,"60+ yrs"
907,Fall 2019,Leeward Community College,"22-24 yrs"
517,Fall 2019,University of Hawai`i - West O`ahu,"20-21 yrs"
1463,Fall 2019,Kapi`olani Community College,"18-19 yrs"
501,Fall 2019,Windward Community College,"18-19 yrs"
643,Fall 2019,Hawai`i Community College,"18-19 yrs"
535,Fall 2020,University of Hawai`i at Hilo,"22-24 yrs"
479,Fall 2020,Honolulu Community College,"20-21 yrs"
322,Fall 2020,University of Hawai`i - West O`ahu,<18 yrs
183,Fall 2020,Windward Community College,"35-44 yrs"
120,Fall 2020,University of Hawai`i at Manoa,"60+ yrs"
10,Fall 2017,University of Hawai`i - West O`ahu,No Data
253,Fall 2024,Leeward Community College,"45-59 yrs"
167,Fall 2024,Windward Community College,"30-34 yrs"
501,Fall 2024,University of Hawai`i at Hilo,"22-24 yrs"
516,Fall 2024,University of Hawai`i - West O`ahu,"20-21 yrs"
221,Fall 2023,Leeward Community College,"45-59 yrs"
42,Fall 2023,Kaua`i Community College,"45-59 yrs"
439,Fall 2023,Honolulu Community College,"22-24 yrs"
1,Fall 2023,University of Hawai`i - West O`ahu,No Data
5,Fall 2023,Leeward Community College,No Data
1,Fall 2019,Hawai`i Community College,No Data
344,Fall 2010,Kapi`olani Community College,"45-59 yrs"
271,Fall 2010,Hawai`i Community College,"45-59 yrs"
50,Fall 2010,Leeward Community College,"60+ yrs"
88,Fall 2010,Kaua`i Community College,<18 yrs
283,Fall 2010,Hawai`i Community College,<18 yrs
171,Fall 2011,Windward Community College,"45-59 yrs"
4273,Fall 2011,University of Hawai`i at Manoa,"20-21 yrs"
979,Fall 2011,University of Hawai`i at Hilo,"20-21 yrs"
646,Fall 2011,University of Hawai`i Maui College,"20-21 yrs"
69,Fall 2011,University of Hawai`i Maui College,"60+ yrs"
3429,Fall 2012,University of Hawai`i at Manoa,"25-29 yrs"
920,Fall 2012,University of Hawai`i at Hilo,"22-24 yrs"
775,Fall 2012,Honolulu Community College,"22-24 yrs"
301,Fall 2012,Kapi`olani Community College,<18 yrs
252,Fall 2012,Hawai`i Community College,<18 yrs
97,Fall 2012,University of Hawai`i at Manoa,"60+ yrs"
226,Fall 2012,Windward Community College,"30-34 yrs"
41,Fall 2012,Windward Community College,"60+ yrs"
32,Fall 2012,University of Hawai`i at Hilo,"60+ yrs"
1351,Fall 2013,University of Hawai`i at Manoa,"35-44 yrs"
923,Fall 2013,Honolulu Community College,"18-19 yrs"
4329,Fall 2013,University of Hawai`i at Manoa,"20-21 yrs"
169,Fall 2013,Honolulu Community College,<18 yrs
824,Fall 2013,University of Hawai`i at Hilo,"20-21 yrs"
1086,Fall 2021,Leeward Community College,"20-21 yrs"
283,Fall 2021,University of Hawai`i - West O`ahu,"35-44 yrs"
552,Fall 2021,University of Hawai`i at Hilo,"22-24 yrs"
263,Fall 2021,University of Hawai`i Maui College,"25-29 yrs"
111,Fall 2021,Kaua`i Community College,"22-24 yrs"
306,Fall 2021,Honolulu Community College,"30-34 yrs"
66,Fall 2021,Kaua`i Community College,"30-34 yrs"
2439,Fall 2022,University of Hawai`i at Manoa,"25-29 yrs"
222,Fall 2022,Windward Community College,"25-29 yrs"
139,Fall 2022,Windward Community College,"45-59 yrs"
361,Fall 2022,University of Hawai`i - West O`ahu,"18-19 yrs"
161,Fall 2022,Hawai`i Community College,"30-34 yrs"
446,Fall 2022,Leeward Community College,"35-44 yrs"
20,Fall 2022,Leeward Community College,No Data
1,Fall 2012,Windward Community College,No Data
1600,Fall 2014,Leeward Community College,"20-21 yrs"
95,Fall 2014,Kaua`i Community College,<18 yrs
495,Fall 2014,University of Hawai`i - West O`ahu,"22-24 yrs"
594,Fall 2014,University of Hawai`i at Hilo,"25-29 yrs"
34,Fall 2014,Kapi`olani Community College,"60+ yrs"
31,Fall 2014,Kaua`i Community College,"60+ yrs"
1,Fall 2011,Windward Community College,No Data
547,Fall 2015,University of Hawai`i - West O`ahu,"22-24 yrs"
563,Fall 2015,Kapi`olani Community College,"30-34 yrs"
158,Fall 2015,University of Hawai`i at Hilo,"45-59 yrs"
627,Fall 2015,University of Hawai`i at Manoa,"45-59 yrs"
360,Fall 2015,Kapi`olani Community College,<18 yrs
123,Fall 2015,Kaua`i Community College,"35-44 yrs"
2890,Fall 2016,University of Hawai`i at Manoa,"25-29 yrs"
438,Fall 2016,Hawai`i Community College,"20-21 yrs"
251,Fall 2016,Hawai`i Community College,"35-44 yrs"
376,Fall 2016,Honolulu Community College,"30-34 yrs"
3,Fall 2016,Windward Community College,No Data
499,Fall 2017,Kapi`olani Community College,"30-34 yrs"
627,Fall 2017,University of Hawai`i at Manoa,"45-59 yrs"
38,Fall 2017,Honolulu Community College,"60+ yrs"
322,Fall 2017,Windward Community College,<18 yrs
37,Fall 2017,University of Hawai`i - West O`ahu,"60+ yrs"
235,Fall 2018,Hawai`i Community College,"35-44 yrs"
467,Fall 2018,Windward Community College,"18-19 yrs"
795,Fall 2018,Leeward Community College,<18 yrs
2,Fall 2015,Windward Community College,No Data
208,Fall 2019,University of Hawai`i Maui College,"30-34 yrs"
814,Fall 2019,Leeward Community College,"25-29 yrs"
230,Fall 2019,University of Hawai`i at Hilo,"30-34 yrs"
1290,Fall 2019,Kapi`olani Community College,"20-21 yrs"
390,Fall 2019,University of Hawai`i Maui College,"20-21 yrs"
1527,Fall 2019,Leeward Community College,"18-19 yrs"
686,Fall 2020,University of Hawai`i Maui College,"18-19 yrs"
111,Fall 2024,Hawai`i Community College,"45-59 yrs"
438,Fall 2024,Leeward Community College,"30-34 yrs"
190,Fall 2024,Hawai`i Community College,"25-29 yrs"
3242,Fall 2024,University of Hawai`i at Manoa,"22-24 yrs"
259,Fall 2024,University of Hawai`i at Hilo,"25-29 yrs"
222,Fall 2024,University of Hawai`i Maui College,"25-29 yrs"
118,Fall 2024,Kaua`i Community College,"22-24 yrs"
5252,Fall 2024,University of Hawai`i at Manoa,"20-21 yrs"
142,Fall 2023,University of Hawai`i Maui College,"45-59 yrs"
505,Fall 2023,Kapi`olani Community College,"35-44 yrs"
521,Fall 2023,University of Hawai`i at Hilo,"22-24 yrs"
4755,Fall 2023,University of Hawai`i at Manoa,"20-21 yrs"
2,Fall 2017,University of Hawai`i at Manoa,No Data
260,Fall 2010,University of Hawai`i at Hilo,"30-34 yrs"
26,Fall 2010,University of Hawai`i at Hilo,"60+ yrs"
27,Fall 2010,Kapi`olani Community College,"60+ yrs"
946,Fall 2010,Maui College,"18-19 yrs"
155,Fall 2010,University of Hawai`i - West O`ahu,"18-19 yrs"
27,Fall 2011,University of Hawai`i at Hilo,"60+ yrs"
203,Fall 2011,University of Hawai`i - West O`ahu,"35-44 yrs"
53,Fall 2011,Leeward Community College,"60+ yrs"
103,Fall 2011,Kaua`i Community College,"45-59 yrs"
753,Fall 2011,Honolulu Community College,"25-29 yrs"
274,Fall 2011,Hawai`i Community College,"45-59 yrs"
412,Fall 2011,Leeward Community College,<18 yrs
50,Fall 2011,Windward Community College,"60+ yrs"
325,Fall 2011,Kapi`olani Community College,<18 yrs
58,Fall 2011,Hawai`i Community College,"60+ yrs"
416,Fall 2012,University of Hawai`i Maui College,"45-59 yrs"
415,Fall 2012,University of Hawai`i Maui College,"30-34 yrs"
660,Fall 2012,University of Hawai`i at Hilo,"25-29 yrs"
542,Fall 2012,Leeward Community College,"30-34 yrs"
155,Fall 2012,University of Hawai`i - West O`ahu,"45-59 yrs"
775,Fall 2013,Hawai`i Community College,"18-19 yrs"
826,Fall 2013,University of Hawai`i Maui College,"18-19 yrs"
288,Fall 2013,University of Hawai`i at Hilo,"30-34 yrs"
96,Fall 2013,University of Hawai`i Maui College,"60+ yrs"
35,Fall 2013,Kapi`olani Community College,"60+ yrs"
116,Fall 2021,Windward Community College,"45-59 yrs"
791,Fall 2021,University of Hawai`i at Hilo,"20-21 yrs"
319,Fall 2021,Kapi`olani Community College,<18 yrs
174,Fall 2021,University of Hawai`i at Hilo,<18 yrs
203,Fall 2021,Hawai`i Community College,"22-24 yrs"
127,Fall 2021,University of Hawai`i at Manoa,"60+ yrs"
394,Fall 2021,Kaua`i Community College,<18 yrs
30,Fall 2021,Hawai`i Community College,"60+ yrs"
507,Fall 2022,Windward Community College,"18-19 yrs"
742,Fall 2022,Honolulu Community College,"18-19 yrs"
217,Fall 2022,Hawai`i Community College,"22-24 yrs"
62,Fall 2013,Hawai`i Community College,"60+ yrs"
879,Fall 2014,University of Hawai`i at Hilo,"20-21 yrs"
21,Fall 2013,University of Hawai`i - West O`ahu,"60+ yrs"
1,Fall 2010,Maui College,No Data
1,Fall 2014,University of Hawai`i - West O`ahu,No Data
1421,Fall 2015,Kapi`olani Community College,"22-24 yrs"
722,Fall 2015,Honolulu Community College,"25-29 yrs"
346,Fall 2015,Leeward Community College,"45-59 yrs"
421,Fall 2015,University of Hawai`i Maui College,"22-24 yrs"
4017,Fall 2016,University of Hawai`i at Manoa,"20-21 yrs"
1565,Fall 2016,Kapi`olani Community College,"18-19 yrs"
579,Fall 2016,University of Hawai`i at Manoa,"45-59 yrs"
184,Fall 2016,University of Hawai`i - West O`ahu,"45-59 yrs"
48,Fall 2016,Hawai`i Community College,"60+ yrs"
1134,Fall 2017,Kapi`olani Community College,"25-29 yrs"
475,Fall 2017,Kapi`olani Community College,"35-44 yrs"
97,Fall 2017,University of Hawai`i at Manoa,"60+ yrs"
1366,Fall 2017,Leeward Community College,"20-21 yrs"
690,Fall 2017,Hawai`i Community College,"18-19 yrs"
278,Fall 2017,Honolulu Community College,<18 yrs
33,Fall 2018,Leeward Community College,No Data
50,Fall 2022,Leeward Community College,"60+ yrs"
46,Fall 2022,University of Hawai`i Maui College,"60+ yrs"
271,Fall 2019,University of Hawai`i Maui College,"35-44 yrs"
2582,Fall 2019,University of Hawai`i at Manoa,"25-29 yrs"
492,Fall 2019,University of Hawai`i - West O`ahu,"25-29 yrs"
528,Fall 2019,Honolulu Community College,"20-21 yrs"
209,Fall 2019,University of Hawai`i at Hilo,<18 yrs
366,Fall 2020,Kapi`olani Community College,<18 yrs
1155,Fall 2024,University of Hawai`i at Manoa,"35-44 yrs"
438,Fall 2024,Honolulu Community College,"25-29 yrs"
100,Fall 2024,Kaua`i Community College,"25-29 yrs"
711,Fall 2024,University of Hawai`i at Hilo,"20-21 yrs"
377,Fall 2024,Kapi`olani Community College,<18 yrs
1,Fall 2024,University of Hawai`i at Manoa,No Data
1193,Fall 2023,University of Hawai`i at Manoa,"35-44 yrs"
114,Fall 2023,University of Hawai`i at Manoa,"60+ yrs"
256,Fall 2023,University of Hawai`i - West O`ahu,"30-34 yrs"
227,Fall 2023,Windward Community College,"25-29 yrs"
348,Fall 2023,University of Hawai`i - West O`ahu,"25-29 yrs"
928,Fall 2023,Kapi`olani Community College,"22-24 yrs"
500,Fall 2023,Hawai`i Community College,<18 yrs
1,Fall 2022,Windward Community College,No Data
660,Fall 2010,Kapi`olani Community College,"35-44 yrs"
531,Fall 2010,Hawai`i Community College,"25-29 yrs"
106,Fall 2010,Kaua`i Community College,"35-44 yrs"
801,Fall 2010,University of Hawai`i at Hilo,"18-19 yrs"
1447,Fall 2011,Kapi`olani Community College,"25-29 yrs"
1228,Fall 2011,Leeward Community College,"22-24 yrs"
263,Fall 2011,University of Hawai`i at Hilo,"30-34 yrs"
332,Fall 2011,University of Hawai`i - West O`ahu,"25-29 yrs"
1898,Fall 2011,Kapi`olani Community College,"20-21 yrs"
291,Fall 2011,Hawai`i Community College,<18 yrs
167,Fall 2011,Honolulu Community College,<18 yrs
882,Fall 2012,University of Hawai`i at Hilo,"20-21 yrs"
239,Fall 2012,Kaua`i Community College,"20-21 yrs"
731,Fall 2012,Honolulu Community College,"25-29 yrs"
441,Fall 2012,University of Hawai`i at Manoa,<18 yrs
157,Fall 2012,Honolulu Community College,<18 yrs
146,Fall 2012,Kaua`i Community College,<18 yrs
1929,Fall 2013,Kapi`olani Community College,"18-19 yrs"
740,Fall 2013,Honolulu Community College,"22-24 yrs"
291,Fall 2013,Kapi`olani Community College,"45-59 yrs"
348,Fall 2013,Honolulu Community College,"35-44 yrs"
2162,Fall 2013,Leeward Community College,"18-19 yrs"
463,Fall 2013,University of Hawai`i - West O`ahu,"22-24 yrs"
118,Fall 2013,Kaua`i Community College,"45-59 yrs"
443,Fall 2021,University of Hawai`i - West O`ahu,"25-29 yrs"
1354,Fall 2021,Kapi`olani Community College,"18-19 yrs"
580,Fall 2021,University of Hawai`i at Manoa,<18 yrs
439,Fall 2021,Honolulu Community College,"22-24 yrs"
115,Fall 2021,University of Hawai`i at Hilo,"45-59 yrs"
23,Fall 2021,University of Hawai`i - West O`ahu,"60+ yrs"
287,Fall 2022,Honolulu Community College,"30-34 yrs"
360,Fall 2022,Kapi`olani Community College,<18 yrs
293,Fall 2022,Windward Community College,"20-21 yrs"
377,Fall 2022,Kaua`i Community College,<18 yrs
49,Fall 2022,Kaua`i Community College,"45-59 yrs"
369,Fall 2014,Kaua`i Community College,"18-19 yrs"
336,Fall 2015,Windward Community College,"25-29 yrs"
247,Fall 2015,University of Hawai`i at Hilo,"35-44 yrs"
36,Fall 2015,Windward Community College,"60+ yrs"
1196,Fall 2015,Kapi`olani Community College,"25-29 yrs"
3524,Fall 2015,University of Hawai`i at Manoa,"18-19 yrs"
173,Fall 2015,Windward Community College,<18 yrs
3535,Fall 2016,University of Hawai`i at Manoa,"18-19 yrs"
1418,Fall 2016,Kapi`olani Community College,"22-24 yrs"
332,Fall 2016,University of Hawai`i Maui College,"25-29 yrs"
39,Fall 2016,University of Hawai`i at Hilo,"60+ yrs"
532,Fall 2017,University of Hawai`i at Hilo,"25-29 yrs"
727,Fall 2017,University of Hawai`i at Hilo,"22-24 yrs"
705,Fall 2017,Honolulu Community College,"18-19 yrs"
207,Fall 2018,University of Hawai`i Maui College,"45-59 yrs"
1047,Fall 2018,Kapi`olani Community College,"25-29 yrs"
186,Fall 2018,University of Hawai`i - West O`ahu,"45-59 yrs"
492,Fall 2018,Leeward Community College,"35-44 yrs"
279,Fall 2018,Hawai`i Community College,"22-24 yrs"
86,Fall 2018,University of Hawai`i Maui College,"60+ yrs"
484,Fall 2018,University of Hawai`i at Manoa,<18 yrs
707,Fall 2018,University of Hawai`i Maui College,"18-19 yrs"
624,Fall 2018,Hawai`i Community College,"18-19 yrs"
177,Fall 2018,Kaua`i Community College,"20-21 yrs"
232,Fall 2018,Kapi`olani Community College,"45-59 yrs"
8,Fall 2018,Windward Community College,No Data
2,Fall 2022,Hawai`i Community College,No Data
143,Fall 2019,Honolulu Community College,"45-59 yrs"
595,Fall 2019,University of Hawai`i at Manoa,"45-59 yrs"
599,Fall 2019,University of Hawai`i at Hilo,"22-24 yrs"
1185,Fall 2019,Kapi`olani Community College,"22-24 yrs"
3228,Fall 2013,University of Hawai`i at Manoa,"25-29 yrs"
207,Fall 2013,Windward Community College,"45-59 yrs"
466,Fall 2013,Hawai`i Community College,"22-24 yrs"
513,Fall 2013,Hawai`i Community College,"20-21 yrs"
39,Fall 2013,Windward Community College,"60+ yrs"
1145,Fall 2021,Kapi`olani Community College,"20-21 yrs"
255,Fall 2021,Windward Community College,"25-29 yrs"
224,Fall 2021,Hawai`i Community College,"25-29 yrs"
278,Fall 2021,Honolulu Community College,"35-44 yrs"
245,Fall 2021,University of Hawai`i Maui College,"35-44 yrs"
59,Fall 2021,Leeward Community College,"60+ yrs"
3321,Fall 2022,University of Hawai`i at Manoa,"22-24 yrs"
549,Fall 2022,University of Hawai`i at Hilo,"22-24 yrs"
563,Fall 2022,University of Hawai`i Maui College,"18-19 yrs"
1220,Fall 2022,University of Hawai`i at Manoa,"30-34 yrs"
182,Fall 2022,University of Hawai`i - West O`ahu,"45-59 yrs"
111,Fall 2022,Hawai`i Community College,"45-59 yrs"
109,Fall 2022,Honolulu Community College,"45-59 yrs"
369,Fall 2014,University of Hawai`i Maui College,"45-59 yrs"
38,Fall 2014,Windward Community College,"60+ yrs"
175,Fall 2014,University of Hawai`i - West O`ahu,"45-59 yrs"
291,Fall 2014,Kapi`olani Community College,"45-59 yrs"
255,Fall 2014,University of Hawai`i - West O`ahu,"35-44 yrs"
269,Fall 2014,University of Hawai`i at Hilo,"30-34 yrs"
1555,Fall 2015,University of Hawai`i at Manoa,"30-34 yrs"
535,Fall 2015,Leeward Community College,"30-34 yrs"
256,Fall 2015,Hawai`i Community College,"35-44 yrs"
363,Fall 2015,University of Hawai`i at Manoa,<18 yrs
514,Fall 2015,Windward Community College,"20-21 yrs"
26,Fall 2015,University of Hawai`i - West O`ahu,"60+ yrs"
28,Fall 2015,University of Hawai`i at Hilo,"60+ yrs"
28,Fall 2015,Honolulu Community College,"60+ yrs"
1742,Fall 2016,Leeward Community College,"18-19 yrs"
693,Fall 2016,Honolulu Community College,"18-19 yrs"
1613,Fall 2016,Kapi`olani Community College,"20-21 yrs"
194,Fall 2016,Windward Community College,"35-44 yrs"
253,Fall 2017,University of Hawai`i Maui College,"45-59 yrs"
1050,Fall 2017,Leeward Community College,"22-24 yrs"
32,Fall 2017,Kaua`i Community College,"60+ yrs"
458,Fall 2017,Hawai`i Community College,<18 yrs
655,Fall 2017,Leeward Community College,<18 yrs
84,Fall 2017,University of Hawai`i Maui College,"60+ yrs"
89,Fall 2017,Kaua`i Community College,"35-44 yrs"
358,Fall 2018,Honolulu Community College,"30-34 yrs"
280,Fall 2018,Hawai`i Community College,"25-29 yrs"
993,Fall 2018,Leeward Community College,"22-24 yrs"
530,Fall 2018,University of Hawai`i - West O`ahu,"20-21 yrs"
687,Fall 2018,University of Hawai`i at Hilo,"22-24 yrs"
121,Fall 2018,Kaua`i Community College,"25-29 yrs"
354,Fall 2018,Honolulu Community College,<18 yrs
32,Fall 2018,Kapi`olani Community College,"60+ yrs"
223,Fall 2019,Hawai`i Community College,"35-44 yrs"
221,Fall 2019,University of Hawai`i at Hilo,"35-44 yrs"
230,Fall 2019,University of Hawai`i - West O`ahu,"30-34 yrs"
451,Fall 2019,University of Hawai`i at Hilo,"25-29 yrs"
250,Fall 2019,Hawai`i Community College,"22-24 yrs"
475,Fall 2019,Honolulu Community College,"22-24 yrs"
972,Fall 2020,Kapi`olani Community College,"25-29 yrs"
4333,Fall 2020,University of Hawai`i at Manoa,"20-21 yrs"
4024,Fall 2020,University of Hawai`i at Manoa,"18-19 yrs"
469,Fall 2020,Honolulu Community College,"22-24 yrs"
607,Fall 2020,University of Hawai`i - West O`ahu,"22-24 yrs"
553,Fall 2020,Kapi`olani Community College,"30-34 yrs"
349,Fall 2020,Kaua`i Community College,<18 yrs
57,Fall 2020,Leeward Community College,"60+ yrs"
22,Fall 2024,University of Hawai`i at Hilo,"60+ yrs"
241,Fall 2024,University of Hawai`i - West O`ahu,"30-34 yrs"
2223,Fall 2024,University of Hawai`i at Manoa,"25-29 yrs"
651,Fall 2024,Leeward Community College,"25-29 yrs"
23,Fall 2023,Honolulu Community College,"60+ yrs"
236,Fall 2023,Honolulu Community College,"35-44 yrs"
103,Fall 2023,University of Hawai`i at Hilo,"45-59 yrs"
1362,Fall 2023,Kapi`olani Community College,"18-19 yrs"
341,Fall 2023,Kapi`olani Community College,<18 yrs
6,Fall 2018,Kaua`i Community College,No Data
2,Fall 2021,Hawai`i Community College,No Data
2,Fall 2022,Kapi`olani Community College,No Data
382,Fall 2010,Maui College,"30-34 yrs"
390,Fall 2010,Maui College,"45-59 yrs"
21,Fall 2010,Honolulu Community College,"60+ yrs"
891,Fall 2010,Honolulu Community College,"20-21 yrs"
218,Fall 2010,Honolulu Community College,<18 yrs
324,Fall 2011,Leeward Community College,"45-59 yrs"
1700,Fall 2011,Kapi`olani Community College,"22-24 yrs"
115,Fall 2011,Windward Community College,<18 yrs
453,Fall 2012,Windward Community College,"22-24 yrs"
345,Fall 2012,University of Hawai`i - West O`ahu,"18-19 yrs"
464,Fall 2012,University of Hawai`i Maui College,"35-44 yrs"
1402,Fall 2012,Kapi`olani Community College,"25-29 yrs"
209,Fall 2012,University of Hawai`i - West O`ahu,"35-44 yrs"
26,Fall 2012,Honolulu Community College,"60+ yrs"
277,Fall 2013,Hawai`i Community College,"45-59 yrs"
799,Fall 2013,Honolulu Community College,"20-21 yrs"
277,Fall 2021,University of Hawai`i Maui College,"22-24 yrs"
553,Fall 2021,Kapi`olani Community College,"30-34 yrs"
342,Fall 2021,Windward Community College,"20-21 yrs"
768,Fall 2021,University of Hawai`i at Hilo,"18-19 yrs"
1290,Fall 2021,University of Hawai`i at Manoa,"35-44 yrs"
479,Fall 2021,Honolulu Community College,"25-29 yrs"
921,Fall 2021,Kapi`olani Community College,"25-29 yrs"
387,Fall 2021,University of Hawai`i Maui College,"20-21 yrs"
194,Fall 2021,Hawai`i Community College,"30-34 yrs"
24,Fall 2021,Kaua`i Community College,"60+ yrs"
187,Fall 2022,Kaua`i Community College,"20-21 yrs"
528,Fall 2022,Windward Community College,<18 yrs
165,Fall 2022,Hawai`i Community College,"35-44 yrs"
62,Fall 2013,Leeward Community College,"60+ yrs"
4335,Fall 2014,University of Hawai`i at Manoa,"22-24 yrs"
1806,Fall 2014,Kapi`olani Community College,"18-19 yrs"
211,Fall 2014,University of Hawai`i - West O`ahu,<18 yrs
717,Fall 2014,Honolulu Community College,"22-24 yrs"
113,Fall 2014,Kaua`i Community College,"45-59 yrs"
252,Fall 2014,University of Hawai`i - West O`ahu,"30-34 yrs"
26,Fall 2014,University of Hawai`i - West O`ahu,"60+ yrs"
4074,Fall 2015,University of Hawai`i at Manoa,"22-24 yrs"
595,Fall 2015,University of Hawai`i at Hilo,"25-29 yrs"
555,Fall 2015,Leeward Community College,"35-44 yrs"
202,Fall 2015,Windward Community College,"30-34 yrs"
1481,Fall 2015,Leeward Community College,"20-21 yrs"
325,Fall 2015,University of Hawai`i Maui College,"45-59 yrs"
97,Fall 2016,Kaua`i Community College,"35-44 yrs"
899,Fall 2016,Leeward Community College,"25-29 yrs"
3841,Fall 2016,University of Hawai`i at Manoa,"22-24 yrs"
217,Fall 2016,Hawai`i Community College,"30-34 yrs"
325,Fall 2016,Kapi`olani Community College,<18 yrs
35,Fall 2016,Honolulu Community College,"60+ yrs"
1350,Fall 2017,University of Hawai`i at Manoa,"30-34 yrs"
2779,Fall 2017,University of Hawai`i at Manoa,"25-29 yrs"
190,Fall 2017,Windward Community College,"35-44 yrs"
593,Fall 2017,Honolulu Community College,"20-21 yrs"
144,Fall 2017,University of Hawai`i at Hilo,<18 yrs
194,Fall 2018,Hawai`i Community College,"30-34 yrs"
50,Fall 2018,Leeward Community College,"60+ yrs"
164,Fall 2019,Windward Community College,"35-44 yrs"
89,Fall 2019,Kaua`i Community College,"35-44 yrs"
181,Fall 2019,University of Hawai`i Maui College,"45-59 yrs"
37,Fall 2019,Honolulu Community College,"60+ yrs"
304,Fall 2019,Windward Community College,"22-24 yrs"
1144,Fall 2019,Leeward Community College,"20-21 yrs"
122,Fall 2019,Kaua`i Community College,"22-24 yrs"
786,Fall 2019,Leeward Community College,<18 yrs
176,Fall 2019,University of Hawai`i - West O`ahu,"45-59 yrs"
104,Fall 2020,University of Hawai`i at Hilo,"45-59 yrs"
303,Fall 2020,University of Hawai`i Maui College,"25-29 yrs"
830,Fall 2020,Leeward Community College,"25-29 yrs"
1060,Fall 2020,Leeward Community College,"20-21 yrs"
335,Fall 2020,Honolulu Community College,"30-34 yrs"
30,Fall 2020,Honolulu Community College,"60+ yrs"
3,Fall 2018,Hawai`i Community College,No Data
27,Fall 2024,Honolulu Community College,"60+ yrs"
260,Fall 2024,Windward Community College,"35-44 yrs"
229,Fall 2024,Windward Community College,"25-29 yrs"
778,Fall 2024,Leeward Community College,"22-24 yrs"
636,Fall 2024,University of Hawai`i at Hilo,"18-19 yrs"
102,Fall 2023,Honolulu Community College,"45-59 yrs"
310,Fall 2023,University of Hawai`i - West O`ahu,"35-44 yrs"
269,Fall 2023,Hawai`i Community College,"20-21 yrs"
514,Fall 2023,Hawai`i Community College,"18-19 yrs"
599,Fall 2023,University of Hawai`i at Manoa,<18 yrs
3,Fall 2022,Honolulu Community College,No Data
1,Fall 2012,University of Hawai`i at Manoa,No Data
1414,Fall 2010,University of Hawai`i at Manoa,"35-44 yrs"
918,Fall 2010,Leeward Community College,"25-29 yrs"
60,Fall 2010,Maui College,"60+ yrs"
340,Fall 2010,Hawai`i Community College,"35-44 yrs"
370,Fall 2010,Honolulu Community College,"35-44 yrs"
101,Fall 2010,University of Hawai`i at Manoa,"60+ yrs"
3557,Fall 2010,University of Hawai`i at Manoa,"18-19 yrs"
187,Fall 2010,Kaua`i Community College,"22-24 yrs"
1,Fall 2010,Leeward Community College,No Data
325,Fall 2011,Hawai`i Community College,"35-44 yrs"
500,Fall 2011,Windward Community College,"20-21 yrs"
632,Fall 2011,University of Hawai`i Maui College,"25-29 yrs"
900,Fall 2011,Hawai`i Community College,"18-19 yrs"
1430,Fall 2012,University of Hawai`i at Manoa,"35-44 yrs"
313,Fall 2012,Hawai`i Community College,"30-34 yrs"
720,Fall 2012,Kapi`olani Community College,"30-34 yrs"
208,Fall 2012,University of Hawai`i - West O`ahu,"30-34 yrs"
47,Fall 2012,Kaua`i Community College,"60+ yrs"
156,Fall 2013,University of Hawai`i - West O`ahu,<18 yrs
381,Fall 2013,Kaua`i Community College,"18-19 yrs"
3504,Fall 2021,University of Hawai`i at Manoa,"22-24 yrs"
216,Fall 2021,University of Hawai`i Maui College,"30-34 yrs"
614,Fall 2021,University of Hawai`i Maui College,"18-19 yrs"
198,Fall 2022,University of Hawai`i Maui College,"35-44 yrs"
547,Fall 2022,University of Hawai`i at Manoa,<18 yrs
278,Fall 2022,University of Hawai`i - West O`ahu,"35-44 yrs"
499,Fall 2022,Kapi`olani Community College,"35-44 yrs"
250,Fall 2022,University of Hawai`i - West O`ahu,"30-34 yrs"
123,Fall 2022,University of Hawai`i at Manoa,"60+ yrs"
605,Fall 2014,Windward Community College,"18-19 yrs"
546,Fall 2014,Leeward Community College,<18 yrs
426,Fall 2014,University of Hawai`i - West O`ahu,"25-29 yrs"
1218,Fall 2014,Kapi`olani Community College,"25-29 yrs"
264,Fall 2014,University of Hawai`i Maui College,<18 yrs
496,Fall 2014,Hawai`i Community College,"20-21 yrs"
369,Fall 2014,Hawai`i Community College,"22-24 yrs"
788,Fall 2014,University of Hawai`i at Hilo,"18-19 yrs"
129,Fall 2014,Windward Community College,<18 yrs
207,Fall 2014,Windward Community College,"35-44 yrs"
469,Fall 2014,Windward Community College,"20-21 yrs"
911,Fall 2014,Leeward Community College,"25-29 yrs"
408,Fall 2014,University of Hawai`i Maui College,"35-44 yrs"
270,Fall 2014,Hawai`i Community College,"30-34 yrs"
185,Fall 2014,Kaua`i Community College,"22-24 yrs"
729,Fall 2015,Honolulu Community College,"22-24 yrs"
261,Fall 2015,University of Hawai`i at Hilo,"30-34 yrs"
354,Fall 2015,University of Hawai`i Maui College,<18 yrs
337,Fall 2016,Hawai`i Community College,"22-24 yrs"
1107,Fall 2016,Leeward Community College,"22-24 yrs"
663,Fall 2016,Honolulu Community College,"20-21 yrs"
464,Fall 2016,University of Hawai`i - West O`ahu,"18-19 yrs"
594,Fall 2016,University of Hawai`i - West O`ahu,"22-24 yrs"
327,Fall 2016,Honolulu Community College,"35-44 yrs"
377,Fall 2016,Hawai`i Community College,"25-29 yrs"
140,Fall 2016,University of Hawai`i at Hilo,<18 yrs
444,Fall 2017,University of Hawai`i - West O`ahu,"25-29 yrs"
316,Fall 2017,University of Hawai`i - West O`ahu,"35-44 yrs"
201,Fall 2017,Kaua`i Community College,"20-21 yrs"
62,Fall 2017,Kaua`i Community College,"45-59 yrs"
49,Fall 2018,Windward Community College,"60+ yrs"
441,Fall 2018,Leeward Community College,"30-34 yrs"
69,Fall 2018,Kaua`i Community College,"30-34 yrs"
1241,Fall 2018,Leeward Community College,"20-21 yrs"
372,Fall 2018,Windward Community College,"20-21 yrs"
192,Fall 2018,University of Hawai`i at Hilo,<18 yrs
85,Fall 2018,Kaua`i Community College,"35-44 yrs"
6,Fall 2018,University of Hawai`i at Manoa,No Data
2,Fall 2022,University of Hawai`i Maui College,No Data
1,Fall 2013,University of Hawai`i at Manoa,No Data
2,Fall 2017,University of Hawai`i Maui College,No Data
27,Fall 2018,University of Hawai`i - West O`ahu,"60+ yrs"
1272,Fall 2019,University of Hawai`i at Manoa,"35-44 yrs"
178,Fall 2019,Windward Community College,"30-34 yrs"
109,Fall 2019,University of Hawai`i at Manoa,"60+ yrs"
282,Fall 2019,Windward Community College,"25-29 yrs"
299,Fall 2019,University of Hawai`i Maui College,"22-24 yrs"
3924,Fall 2019,University of Hawai`i at Manoa,"18-19 yrs"
2573,Fall 2020,University of Hawai`i at Manoa,"25-29 yrs"
145,Fall 2020,Kaua`i Community College,"22-24 yrs"
86,Fall 2020,Kaua`i Community College,"30-34 yrs"
541,Fall 2020,University of Hawai`i Maui College,<18 yrs
189,Fall 2020,University of Hawai`i Maui College,"45-59 yrs"
221,Fall 2024,University of Hawai`i Maui College,"35-44 yrs"
788,Fall 2024,Kapi`olani Community College,"25-29 yrs"
262,Fall 2024,University of Hawai`i Maui College,"22-24 yrs"
294,Fall 2024,Kaua`i Community College,"18-19 yrs"
243,Fall 2023,University of Hawai`i Maui College,"35-44 yrs"
178,Fall 2023,Hawai`i Community College,"30-34 yrs"
623,Fall 2023,Leeward Community College,"25-29 yrs"
534,Fall 2023,University of Hawai`i - West O`ahu,"22-24 yrs"
539,Fall 2023,Honolulu Community College,"20-21 yrs"
5450,Fall 2023,University of Hawai`i at Manoa,"18-19 yrs"
1,Fall 2013,Honolulu Community College,No Data
1,Fall 2018,University of Hawai`i at Hilo,No Data
1,Fall 2014,Hawai`i Community College,No Data
4557,Fall 2010,University of Hawai`i at Manoa,"22-24 yrs"
543,Fall 2010,Maui College,"22-24 yrs"
601,Fall 2010,Maui College,"25-29 yrs"
766,Fall 2010,Honolulu Community College,"25-29 yrs"
312,Fall 2010,University of Hawai`i - West O`ahu,"22-24 yrs"
778,Fall 2010,Honolulu Community College,"22-24 yrs"
384,Fall 2010,Kaua`i Community College,"18-19 yrs"
556,Fall 2011,Leeward Community College,"30-34 yrs"
217,Fall 2011,Windward Community College,"30-34 yrs"
24,Fall 2011,University of Hawai`i - West O`ahu,"60+ yrs"
1861,Fall 2011,Kapi`olani Community College,"18-19 yrs"
355,Fall 2011,Kaua`i Community College,"18-19 yrs"
190,Fall 2011,University of Hawai`i - West O`ahu,"18-19 yrs"
350,Fall 2011,University of Hawai`i Maui College,<18 yrs
34,Fall 2011,University of Hawai`i - West O`ahu,<18 yrs
227,Fall 2012,University of Hawai`i - West O`ahu,"20-21 yrs"
240,Fall 2012,Honolulu Community College,"45-59 yrs"
1682,Fall 2012,University of Hawai`i at Manoa,"30-34 yrs"
158,Fall 2012,University of Hawai`i at Hilo,"45-59 yrs"
324,Fall 2012,University of Hawai`i at Hilo,"30-34 yrs"
98,Fall 2012,University of Hawai`i - West O`ahu,<18 yrs
58,Fall 2012,Leeward Community College,"60+ yrs"
4475,Fall 2013,University of Hawai`i at Manoa,"22-24 yrs"
365,Fall 2013,Windward Community College,"25-29 yrs"
235,Fall 2013,Windward Community College,"30-34 yrs"
1291,Fall 2013,Kapi`olani Community College,"25-29 yrs"
604,Fall 2013,University of Hawai`i at Hilo,"25-29 yrs"
181,Fall 2013,Kaua`i Community College,"22-24 yrs"
534,Fall 2021,Leeward Community College,"30-34 yrs"
4725,Fall 2021,University of Hawai`i at Manoa,"18-19 yrs"
220,Fall 2019,Kaua`i Community College,"20-21 yrs"
336,Fall 2019,Kaua`i Community College,<18 yrs
363,Fall 2019,Honolulu Community College,<18 yrs
479,Fall 2020,Kapi`olani Community College,"35-44 yrs"
208,Fall 2020,University of Hawai`i at Hilo,"35-44 yrs"
434,Fall 2020,University of Hawai`i at Hilo,"25-29 yrs"
368,Fall 2020,Kaua`i Community College,"18-19 yrs"
32,Fall 2020,University of Hawai`i - West O`ahu,"60+ yrs"
651,Fall 2024,University of Hawai`i at Manoa,<18 yrs
144,Fall 2023,University of Hawai`i at Hilo,"35-44 yrs"
29,Fall 2023,University of Hawai`i - West O`ahu,"60+ yrs"
23,Fall 2023,Kaua`i Community College,"60+ yrs"
1467,Fall 2023,Leeward Community College,"18-19 yrs"
170,Fall 2023,Kaua`i Community College,"20-21 yrs"
530,Fall 2023,University of Hawai`i Maui College,"18-19 yrs"
2,Fall 2023,Kaua`i Community College,No Data
1,Fall 2011,Kapi`olani Community College,No Data
3566,Fall 2010,University of Hawai`i at Manoa,"25-29 yrs"
4225,Fall 2010,University of Hawai`i at Manoa,"20-21 yrs"
1069,Fall 2010,Honolulu Community College,"18-19 yrs"
912,Fall 2010,University of Hawai`i at Hilo,"20-21 yrs"
48,Fall 2010,Windward Community College,"60+ yrs"
930,Fall 2010,Hawai`i Community College,"18-19 yrs"
437,Fall 2010,University of Hawai`i at Manoa,<18 yrs
230,Fall 2011,University of Hawai`i at Hilo,"35-44 yrs"
1670,Fall 2011,University of Hawai`i at Manoa,"30-34 yrs"
761,Fall 2011,University of Hawai`i at Manoa,"45-59 yrs"
387,Fall 2011,Windward Community College,"25-29 yrs"
436,Fall 2011,Windward Community College,"22-24 yrs"
1688,Fall 2011,Leeward Community College,"20-21 yrs"
616,Fall 2011,Windward Community College,"18-19 yrs"
233,Fall 2012,Windward Community College,"35-44 yrs"
885,Fall 2012,University of Hawai`i Maui College,"18-19 yrs"
534,Fall 2013,University of Hawai`i Maui College,"25-29 yrs"
835,Fall 2013,University of Hawai`i at Hilo,"18-19 yrs"
269,Fall 2013,University of Hawai`i Maui College,<18 yrs
239,Fall 2013,Windward Community College,"35-44 yrs"
266,Fall 2013,University of Hawai`i - West O`ahu,"20-21 yrs"
4371,Fall 2021,University of Hawai`i at Manoa,"20-21 yrs"
204,Fall 2021,Windward Community College,"30-34 yrs"
46,Fall 2021,Kaua`i Community College,"45-59 yrs"
445,Fall 2021,Windward Community College,<18 yrs
509,Fall 2021,Leeward Community College,"35-44 yrs"
947,Fall 2022,Kapi`olani Community College,"22-24 yrs"
201,Fall 2022,Hawai`i Community College,"25-29 yrs"
369,Fall 2022,Honolulu Community College,"22-24 yrs"
514,Fall 2022,Kapi`olani Community College,"30-34 yrs"
4317,Fall 2014,University of Hawai`i at Manoa,"20-21 yrs"
719,Fall 2014,Hawai`i Community College,"18-19 yrs"
794,Fall 2014,University of Hawai`i Maui College,"18-19 yrs"
464,Fall 2014,University of Hawai`i Maui College,"25-29 yrs"
63,Fall 2014,Leeward Community College,"60+ yrs"
366,Fall 2015,Honolulu Community College,"35-44 yrs"
163,Fall 2015,Windward Community College,"45-59 yrs"
208,Fall 2015,Honolulu Community College,"45-59 yrs"
373,Fall 2015,Kaua`i Community College,"18-19 yrs"
1,Fall 2015,University of Hawai`i at Manoa,No Data
1444,Fall 2016,Leeward Community College,"20-21 yrs"
489,Fall 2016,Windward Community College,"18-19 yrs"
592,Fall 2016,University of Hawai`i at Hilo,"25-29 yrs"
33,Fall 2016,Kaua`i Community College,"60+ yrs"
47,Fall 2016,Kapi`olani Community College,"60+ yrs"
5,Fall 2016,Leeward Community College,No Data
322,Fall 2017,Hawai`i Community College,"25-29 yrs"
311,Fall 2017,Windward Community College,"25-29 yrs"
238,Fall 2017,University of Hawai`i at Hilo,"35-44 yrs"
1527,Fall 2017,Kapi`olani Community College,"18-19 yrs"
426,Fall 2017,University of Hawai`i Maui College,<18 yrs
147,Fall 2017,Hawai`i Community College,"45-59 yrs"
1242,Fall 2018,University of Hawai`i at Manoa,"35-44 yrs"
171,Fall 2018,Windward Community College,"30-34 yrs"
3462,Fall 2018,University of Hawai`i at Manoa,"22-24 yrs"
693,Fall 2018,Honolulu Community College,"18-19 yrs"
162,Fall 2018,Honolulu Community College,"45-59 yrs"
451,Fall 2019,Kapi`olani Community College,"35-44 yrs"
105,Fall 2019,Windward Community College,"45-59 yrs"
55,Fall 2019,Windward Community College,"60+ yrs"
592,Fall 2019,Honolulu Community College,"25-29 yrs"
374,Fall 2019,Windward Community College,"20-21 yrs"
34,Fall 2019,Hawai`i Community College,"60+ yrs"
27,Fall 2019,Leeward Community College,No Data
134,Fall 2020,Kaua`i Community College,"25-29 yrs"
1200,Fall 2020,Kapi`olani Community College,"20-21 yrs"
279,Fall 2020,University of Hawai`i Maui College,"22-24 yrs"
444,Fall 2020,Hawai`i Community College,<18 yrs
539,Fall 2020,University of Hawai`i at Manoa,<18 yrs
276,Fall 2020,Kapi`olani Community College,"45-59 yrs"
157,Fall 2020,Honolulu Community College,"45-59 yrs"
262,Fall 2020,University of Hawai`i - West O`ahu,"30-34 yrs"
4,Fall 2017,Hawai`i Community College,No Data
3,Fall 2019,University of Hawai`i at Manoa,No Data
30,Fall 2019,Kaua`i Community College,"60+ yrs"
178,Fall 2024,University of Hawai`i - West O`ahu,"45-59 yrs"
153,Fall 2024,University of Hawai`i Maui College,"45-59 yrs"
473,Fall 2024,Kapi`olani Community College,"35-44 yrs"
429,Fall 2024,Kapi`olani Community College,"30-34 yrs"
397,Fall 2024,University of Hawai`i - West O`ahu,"18-19 yrs"
573,Fall 2024,Windward Community College,<18 yrs
27,Fall 2024,University of Hawai`i - West O`ahu,"60+ yrs"
24,Fall 2023,University of Hawai`i at Hilo,"60+ yrs"
263,Fall 2023,University of Hawai`i Maui College,"22-24 yrs"
345,Fall 2023,Windward Community College,"20-21 yrs"
1071,Fall 2023,Leeward Community College,"20-21 yrs"
2,Fall 2020,University of Hawai`i at Hilo,No Data
1,Fall 2012,University of Hawai`i - West O`ahu,No Data
791,Fall 2021,Leeward Community College,<18 yrs
320,Fall 2021,Kaua`i Community College,"18-19 yrs"
66,Fall 2021,Windward Community College,"60+ yrs"
796,Fall 2021,Leeward Community College,"25-29 yrs"
1059,Fall 2022,Leeward Community College,<18 yrs
446,Fall 2022,Hawai`i Community College,<18 yrs
271,Fall 2022,Leeward Community College,"45-59 yrs"
82,Fall 2022,Kaua`i Community College,"25-29 yrs"
38,Fall 2022,Hawai`i Community College,"60+ yrs"
152,Fall 2022,University of Hawai`i Maui College,"30-34 yrs"
228,Fall 2022,University of Hawai`i at Hilo,<18 yrs
602,Fall 2022,University of Hawai`i Maui College,<18 yrs
173,Fall 2022,University of Hawai`i at Hilo,"35-44 yrs"
2,Fall 2010,University of Hawai`i at Manoa,No Data
41,Fall 2013,Kaua`i Community College,"60+ yrs"
3069,Fall 2014,University of Hawai`i at Manoa,"25-29 yrs"
343,Fall 2014,Honolulu Community College,"35-44 yrs"
5,Fall 2014,Leeward Community College,No Data
408,Fall 2014,Hawai`i Community College,"25-29 yrs"
1543,Fall 2014,Kapi`olani Community College,"22-24 yrs"
369,Fall 2014,Honolulu Community College,"30-34 yrs"
243,Fall 2014,Hawai`i Community College,"45-59 yrs"
165,Fall 2014,University of Hawai`i at Hilo,"45-59 yrs"
2,Fall 2014,Honolulu Community College,No Data
203,Fall 2015,Windward Community College,"35-44 yrs"
144,Fall 2015,Kaua`i Community College,"25-29 yrs"
168,Fall 2015,University of Hawai`i - West O`ahu,"45-59 yrs"
703,Fall 2015,University of Hawai`i at Hilo,"18-19 yrs"
107,Fall 2015,University of Hawai`i Maui College,"60+ yrs"
102,Fall 2015,Kaua`i Community College,"30-34 yrs"
187,Fall 2015,University of Hawai`i at Hilo,<18 yrs
544,Fall 2016,Kapi`olani Community College,"30-34 yrs"
159,Fall 2016,University of Hawai`i - West O`ahu,<18 yrs
44,Fall 2017,Hawai`i Community College,"60+ yrs"
260,Fall 2017,University of Hawai`i - West O`ahu,"30-34 yrs"
300,Fall 2017,Hawai`i Community College,"22-24 yrs"
1290,Fall 2017,Kapi`olani Community College,"22-24 yrs"
137,Fall 2017,Windward Community College,"45-59 yrs"
143,Fall 2017,Kaua`i Community College,"25-29 yrs"
225,Fall 2018,University of Hawai`i at Hilo,"30-34 yrs"
315,Fall 2018,Leeward Community College,"45-59 yrs"
326,Fall 2018,University of Hawai`i Maui College,"22-24 yrs"
3868,Fall 2018,University of Hawai`i at Manoa,"20-21 yrs"
497,Fall 2018,Honolulu Community College,"20-21 yrs"
319,Fall 2018,University of Hawai`i - West O`ahu,<18 yrs
491,Fall 2018,Hawai`i Community College,<18 yrs
420,Fall 2018,Windward Community College,<18 yrs
27,Fall 2018,Kaua`i Community College,"60+ yrs"
38,Fall 2018,Honolulu Community College,"60+ yrs"
217,Fall 2019,Hawai`i Community College,"30-34 yrs"
271,Fall 2019,Hawai`i Community College,"25-29 yrs"
565,Fall 2019,University of Hawai`i - West O`ahu,"22-24 yrs"
3963,Fall 2019,University of Hawai`i at Manoa,"20-21 yrs"
683,Fall 2019,Honolulu Community College,"18-19 yrs"
527,Fall 2020,Leeward Community College,"35-44 yrs"
607,Fall 2020,University of Hawai`i at Manoa,"45-59 yrs"
194,Fall 2020,Kaua`i Community College,"20-21 yrs"
254,Fall 2020,Windward Community College,"22-24 yrs"
362,Fall 2020,Honolulu Community College,<18 yrs
405,Fall 2020,University of Hawai`i - West O`ahu,"18-19 yrs"
38,Fall 2020,Windward Community College,"60+ yrs"
36,Fall 2020,Hawai`i Community College,"60+ yrs"
9,Fall 2017,Leeward Community College,No Data
620,Fall 2024,University of Hawai`i at Manoa,"45-59 yrs"
183,Fall 2024,Windward Community College,"45-59 yrs"
1195,Fall 2024,University of Hawai`i at Manoa,"30-34 yrs"
396,Fall 2024,University of Hawai`i - West O`ahu,"25-29 yrs"
925,Fall 2024,Kapi`olani Community College,"22-24 yrs"
218,Fall 2024,Hawai`i Community College,"22-24 yrs"
513,Fall 2024,Hawai`i Community College,<18 yrs
602,Fall 2024,University of Hawai`i Maui College,"18-19 yrs"
135,Fall 2023,Hawai`i Community College,"45-59 yrs"
71,Fall 2023,Kaua`i Community College,"35-44 yrs"
1180,Fall 2023,University of Hawai`i at Manoa,"30-34 yrs"
513,Fall 2023,Kapi`olani Community College,"30-34 yrs"
280,Fall 2023,University of Hawai`i at Hilo,"25-29 yrs"
715,Fall 2023,Leeward Community College,"22-24 yrs"
89,Fall 2023,Kaua`i Community College,"25-29 yrs"
349,Fall 2023,University of Hawai`i Maui College,"20-21 yrs"
1004,Fall 2023,Leeward Community College,<18 yrs
1,Fall 2017,University of Hawai`i at Hilo,No Data
384,Fall 2010,Honolulu Community College,"30-34 yrs"
816,Fall 2010,University of Hawai`i at Manoa,"45-59 yrs"
182,Fall 2010,Kaua`i Community College,"25-29 yrs"
534,Fall 2010,Leeward Community College,"30-34 yrs"
1706,Fall 2010,Leeward Community College,"20-21 yrs"
598,Fall 2010,Hawai`i Community College,"20-21 yrs"
521,Fall 2010,Windward Community College,"20-21 yrs"
649,Fall 2010,Maui College,"20-21 yrs"
410,Fall 2010,Leeward Community College,<18 yrs
134,Fall 2010,Windward Community College,<18 yrs
646,Fall 2011,Kapi`olani Community College,"35-44 yrs"
732,Fall 2011,Honolulu Community College,"22-24 yrs"
774,Fall 2011,Kapi`olani Community College,"30-34 yrs"
334,Fall 2011,Kapi`olani Community College,"45-59 yrs"
410,Fall 2011,University of Hawai`i Maui College,"30-34 yrs"
1880,Fall 2012,Kapi`olani Community College,"20-21 yrs"
4535,Fall 2012,University of Hawai`i at Manoa,"22-24 yrs"
1298,Fall 2012,Leeward Community College,"22-24 yrs"
986,Fall 2012,Honolulu Community College,"18-19 yrs"
632,Fall 2012,University of Hawai`i Maui College,"25-29 yrs"
972,Fall 2012,Leeward Community College,"25-29 yrs"
583,Fall 2012,University of Hawai`i Maui College,"22-24 yrs"
275,Fall 2012,Hawai`i Community College,"45-59 yrs"
1959,Fall 2012,Kapi`olani Community College,"18-19 yrs"
382,Fall 2012,Kaua`i Community College,"18-19 yrs"
184,Fall 2012,Kaua`i Community College,"22-24 yrs"
111,Fall 2013,Kaua`i Community College,"30-34 yrs"
445,Fall 2013,Leeward Community College,<18 yrs
177,Fall 2013,Kaua`i Community College,"25-29 yrs"
953,Fall 2013,Leeward Community College,"25-29 yrs"
456,Fall 2013,University of Hawai`i - West O`ahu,"18-19 yrs"
353,Fall 2021,University of Hawai`i - West O`ahu,"18-19 yrs"
559,Fall 2021,University of Hawai`i - West O`ahu,"20-21 yrs"
1481,Fall 2021,Leeward Community College,"18-19 yrs"
188,Fall 2021,Kaua`i Community College,"20-21 yrs"
310,Fall 2022,University of Hawai`i at Hilo,"25-29 yrs"
602,Fall 2022,University of Hawai`i at Manoa,"45-59 yrs"
746,Fall 2022,Leeward Community College,"22-24 yrs"
238,Fall 2022,University of Hawai`i Maui College,"25-29 yrs"
428,Fall 2022,Honolulu Community College,"25-29 yrs"
158,Fall 2022,Windward Community College,"30-34 yrs"
327,Fall 2022,University of Hawai`i Maui College,"20-21 yrs"
446,Fall 2022,Leeward Community College,"30-34 yrs"
1622,Fall 2014,University of Hawai`i at Manoa,"30-34 yrs"
372,Fall 2014,University of Hawai`i - West O`ahu,"20-21 yrs"
1227,Fall 2014,Leeward Community College,"22-24 yrs"
539,Fall 2014,Leeward Community College,"30-34 yrs"
188,Fall 2014,Windward Community College,"45-59 yrs"
280,Fall 2015,Kapi`olani Community College,"45-59 yrs"
308,Fall 2015,University of Hawai`i Maui College,"30-34 yrs"
804,Fall 2015,University of Hawai`i Maui College,"18-19 yrs"
187,Fall 2015,Kaua`i Community College,"20-21 yrs"
810,Fall 2015,Honolulu Community College,"18-19 yrs"
491,Fall 2015,Hawai`i Community College,<18 yrs
693,Fall 2016,University of Hawai`i at Hilo,"18-19 yrs"
503,Fall 2016,Leeward Community College,"35-44 yrs"
205,Fall 2016,Windward Community College,<18 yrs
227,Fall 2016,University of Hawai`i at Hilo,"35-44 yrs"
319,Fall 2016,University of Hawai`i - West O`ahu,"35-44 yrs"
48,Fall 2016,Windward Community College,"60+ yrs"
150,Fall 2016,University of Hawai`i at Hilo,"45-59 yrs"
169,Fall 2016,Hawai`i Community College,"45-59 yrs"
84,Fall 2016,Kaua`i Community College,"30-34 yrs"
371,Fall 2016,Windward Community College,"25-29 yrs"
462,Fall 2017,Leeward Community College,"30-34 yrs"
3630,Fall 2017,University of Hawai`i at Manoa,"22-24 yrs"
306,Fall 2017,Leeward Community College,"45-59 yrs"
38,Fall 2017,Windward Community College,"60+ yrs"
250,Fall 2018,University of Hawai`i Maui College,"35-44 yrs"
314,Fall 2018,Windward Community College,"25-29 yrs"
730,Fall 2018,University of Hawai`i at Hilo,"20-21 yrs"
3929,Fall 2018,University of Hawai`i at Manoa,"18-19 yrs"
126,Fall 2018,Windward Community College,"45-59 yrs"
132,Fall 2021,Honolulu Community College,"45-59 yrs"
27,Fall 2022,Kaua`i Community College,"60+ yrs"
69,Fall 2019,University of Hawai`i Maui College,"60+ yrs"
361,Fall 2019,Hawai`i Community College,"20-21 yrs"
488,Fall 2019,University of Hawai`i at Manoa,<18 yrs
548,Fall 2019,Windward Community College,<18 yrs
4,Fall 2019,University of Hawai`i - West O`ahu,No Data
306,Fall 2020,University of Hawai`i - West O`ahu,"35-44 yrs"
206,Fall 2020,Hawai`i Community College,"35-44 yrs"
311,Fall 2020,Honolulu Community College,"35-44 yrs"
347,Fall 2020,Leeward Community College,"45-59 yrs"
330,Fall 2020,Hawai`i Community College,"20-21 yrs"
711,Fall 2020,University of Hawai`i at Hilo,"20-21 yrs"
536,Fall 2020,Windward Community College,"18-19 yrs"
701,Fall 2020,Honolulu Community College,"18-19 yrs"
180,Fall 2020,Windward Community College,"30-34 yrs"
10,Fall 2021,Windward Community College,No Data
19,Fall 2021,Leeward Community College,No Data
75,Fall 2024,Windward Community College,"60+ yrs"
44,Fall 2024,Leeward Community College,"60+ yrs"
43,Fall 2024,Kaua`i Community College,"45-59 yrs"
273,Fall 2024,Honolulu Community College,"30-34 yrs"
1482,Fall 2024,Leeward Community College,"18-19 yrs"
747,Fall 2024,Honolulu Community College,"18-19 yrs"
411,Fall 2024,Honolulu Community College,<18 yrs
593,Fall 2023,University of Hawai`i at Manoa,"45-59 yrs"
470,Fall 2023,University of Hawai`i - West O`ahu,"20-21 yrs"
11,Fall 2017,Windward Community College,No Data
